{"train/train/n_updates":7800,"_timestamp":1.7664571074443684e+09,"train/train/value_loss":1.1717238095343419e-06,"train/train/clip_fraction":0.2453125,"train/train/policy_gradient_loss":-0.029899295326322316,"_step":999,"train/train/clip_range":0.2,"train/train/entropy_loss":-0.3763053387403488,"train/train/loss":-0.03693265840411186,"_runtime":321,"train/train/approx_kl":0.08740445971488953,"train/train/learning_rate":0.0003,"train/train/explained_variance":-6.758880615234375,"_wandb":{"runtime":321}}