{
    "ticker": "SPY",
    "total_return_pct": 7.194462497613312,
    "buy_and_hold_return_pct": 80.98398235227307,
    "sma_return_pct": 33.899511853913175,
    "sharpe_ratio": 0.22488497989219286,
    "ann_volatility_pct": 13.323189867395829,
    "profit_factor": 1.0714044728500918,
    "max_drawdown_pct": -16.367778835501973,
    "win_rate_pct": 60.0,
    "total_trades": 25,
    "long_bias_pct": 31.642512077294686,
    "short_bias_pct": 1.6908212560386473,
    "cash_bias_pct": 66.66666666666666,
    "final_net_worth": 10703.369761588854
}