{
    "ticker": "QQQ",
    "total_return_pct": 28.255030689113337,
    "buy_and_hold_return_pct": 100.49850569905745,
    "sma_return_pct": 37.76946154305201,
    "sharpe_ratio": 0.5685655311586316,
    "ann_volatility_pct": 19.833043749247782,
    "profit_factor": 1.109474421622525,
    "max_drawdown_pct": -30.193498372842857,
    "win_rate_pct": 40.0,
    "total_trades": 55,
    "long_bias_pct": 89.02077151335311,
    "short_bias_pct": 8.011869436201781,
    "cash_bias_pct": 2.967359050445104,
    "final_net_worth": 12825.503068911334
}