{
    "ticker": "BTC-USD",
    "total_return_pct": -74.94050221471268,
    "buy_and_hold_return_pct": 8.363153324785044,
    "sma_return_pct": 12.664943687350672,
    "sharpe_ratio": -2.6474985414632224,
    "ann_volatility_pct": 42.95864460292229,
    "profit_factor": 0.6786735895449885,
    "max_drawdown_pct": -78.80894504893622,
    "win_rate_pct": 43.452380952380956,
    "total_trades": 336,
    "long_bias_pct": 23.357664233576642,
    "short_bias_pct": 73.2360097323601,
    "cash_bias_pct": 3.40632603406326,
    "final_net_worth": 2502.192732384012
}