{
    "ticker": "SPY",
    "total_return_pct": -79.31159127434927,
    "buy_and_hold_return_pct": 80.98395340053824,
    "sma_return_pct": 33.863632294651325,
    "sharpe_ratio": -2.980368009063614,
    "ann_volatility_pct": 15.682358407185218,
    "profit_factor": 0.5407704702736321,
    "max_drawdown_pct": -81.48868469938607,
    "win_rate_pct": 41.075268817204304,
    "total_trades": 465,
    "long_bias_pct": 24.396135265700483,
    "short_bias_pct": 53.74396135265701,
    "cash_bias_pct": 21.85990338164251,
    "final_net_worth": 2068.840872565073
}