{
    "ticker": "SPY",
    "total_return_pct": 80.74840175968698,
    "buy_and_hold_return_pct": 80.98395340053824,
    "sma_return_pct": 33.863641471545655,
    "sharpe_ratio": 1.17116821027923,
    "ann_volatility_pct": 16.57239576549152,
    "profit_factor": 1.240091518278462,
    "max_drawdown_pct": -18.755237673244952,
    "win_rate_pct": 57.14285714285714,
    "total_trades": 14,
    "long_bias_pct": 98.42995169082126,
    "short_bias_pct": 1.4492753623188406,
    "cash_bias_pct": 0.12077294685990338,
    "final_net_worth": 18047.732436675276
}