{
    "ticker": "QQQ",
    "total_return_pct": 100.19781892016482,
    "buy_and_hold_return_pct": 100.49846637048732,
    "sma_return_pct": 37.76944441729082,
    "sharpe_ratio": 1.4068374040008729,
    "ann_volatility_pct": 19.88185904635723,
    "profit_factor": 1.289354948694843,
    "max_drawdown_pct": -22.768303780001357,
    "win_rate_pct": 100.0,
    "total_trades": 1,
    "long_bias_pct": 99.85163204747775,
    "short_bias_pct": 0.0,
    "cash_bias_pct": 0.1483679525222552,
    "final_net_worth": 19989.767226511212
}