{
    "ticker": "ETH-USD",
    "total_return_pct": -40.59017528872037,
    "buy_and_hold_return_pct": 29.432169109059547,
    "sma_return_pct": 87.52414408086608,
    "sharpe_ratio": -0.6887531447806934,
    "ann_volatility_pct": 63.29198914924713,
    "profit_factor": 0.881713225624141,
    "max_drawdown_pct": -48.45921433385969,
    "win_rate_pct": 50.3448275862069,
    "total_trades": 145,
    "long_bias_pct": 26.351351351351347,
    "short_bias_pct": 43.24324324324324,
    "cash_bias_pct": 30.405405405405407,
    "final_net_worth": 5932.072483409884
}