{
    "ticker": "SPY",
    "total_return_pct": -4.064797613046658,
    "buy_and_hold_return_pct": 80.98393892467428,
    "sma_return_pct": 33.8635928472514,
    "sharpe_ratio": -0.02456982371278687,
    "ann_volatility_pct": 13.64579132288527,
    "profit_factor": 0.9955915318370423,
    "max_drawdown_pct": -25.971759994907607,
    "win_rate_pct": 38.88888888888889,
    "total_trades": 90,
    "long_bias_pct": 81.15942028985508,
    "short_bias_pct": 8.937198067632849,
    "cash_bias_pct": 9.903381642512077,
    "final_net_worth": 9579.13235791714
}