{
    "ticker": "QQQ",
    "total_return_pct": -15.12906741831595,
    "buy_and_hold_return_pct": 100.49848603477045,
    "sma_return_pct": 37.769453041588385,
    "sharpe_ratio": -0.2033301417729008,
    "ann_volatility_pct": 20.214207181521367,
    "profit_factor": 0.9643394806135664,
    "max_drawdown_pct": -39.65667722616159,
    "win_rate_pct": 38.62068965517241,
    "total_trades": 145,
    "long_bias_pct": 79.82195845697329,
    "short_bias_pct": 20.02967359050445,
    "cash_bias_pct": 0.1483679525222552,
    "final_net_worth": 8474.364741115885
}