{
    "ticker": "SPY",
    "total_return_pct": -20.355182964776972,
    "buy_and_hold_return_pct": 80.98398235227307,
    "sma_return_pct": 33.85781657939007,
    "sharpe_ratio": -0.38984260215463257,
    "ann_volatility_pct": 14.919399349393256,
    "profit_factor": 0.9324512426398573,
    "max_drawdown_pct": -32.19067611637932,
    "win_rate_pct": 40.816326530612244,
    "total_trades": 147,
    "long_bias_pct": 76.08695652173914,
    "short_bias_pct": 15.942028985507244,
    "cash_bias_pct": 7.971014492753622,
    "final_net_worth": 7952.536973083505
}