{
    "ticker": "QQQ",
    "total_return_pct": 47.14968841535554,
    "buy_and_hold_return_pct": 100.49846637048732,
    "sma_return_pct": 37.84236132139451,
    "sharpe_ratio": 1.0777086068900295,
    "ann_volatility_pct": 14.3695534983616,
    "profit_factor": 1.488622548970656,
    "max_drawdown_pct": -18.11991263103404,
    "win_rate_pct": 82.35294117647058,
    "total_trades": 17,
    "long_bias_pct": 25.370919881305635,
    "short_bias_pct": 0.8902077151335311,
    "cash_bias_pct": 73.73887240356083,
    "final_net_worth": 14714.968841535554
}