{"train/train/clip_range":0.2,"train/train/n_updates":150,"train/train/clip_fraction":0.07109375,"train/train/entropy_loss":-0.9795540183782577,"train/train/loss":0.5658742189407349,"_timestamp":1.7664567141735194e+09,"_runtime":7,"train/train/learning_rate":0.0003,"train/train/policy_gradient_loss":-0.014955003210343421,"_step":19,"train/train/approx_kl":0.011634048074483871,"_wandb":{"runtime":7},"train/train/value_loss":0.9382005780935287,"train/train/explained_variance":0.36759334802627563}